name,city,latitude,longitude,url
Kilian Stuba,Kleinwalsertal,47.34858,10.17114,https://guide.michelin.com/at/en/vorarlberg/kleinwalsertal/restaurant/kilian-stuba
Pfefferschiff,Hallwang,47.83787,13.07917,https://guide.michelin.com/at/en/salzburg-region/hallwang/restaurant/pfefferschiff
Esszimmer,Salzburg,47.80685,13.03409,https://guide.michelin.com/at/en/salzburg-region/salzburg/restaurant/esszimmer
Carpe Diem,Salzburg,47.80001,13.04006,https://guide.michelin.com/at/en/salzburg-region/salzburg/restaurant/carpe-diem
Edvard,Wien,48.216503,16.36852,https://guide.michelin.com/at/en/vienna/wien/restaurant/edvard
Das Loft,Wien,48.21272,16.37931,https://guide.michelin.com/at/en/vienna/wien/restaurant/das-loft
Pramerl & the Wolf,Wien,48.20945,16.37174,https://guide.michelin.com/at/en/vienna/wien/restaurant/pramerl-the-wolf
Walter Bauer,Wien,48.20923,16.37672,https://guide.michelin.com/at/en/vienna/wien/restaurant/walter-bauer
SHIKI,Wien,48.204067,16.37098,https://guide.michelin.com/at/en/vienna/wien/restaurant/shiki
Tian,Wien,48.20513,16.37456,https://guide.michelin.com/at/en/vienna/wien/restaurant/tian
aend,Wien,48.18957,16.34115,https://guide.michelin.com/at/en/vienna/wien/restaurant/aend
Le Ciel by Toni Mörwald,Wien,48.20209,16.37156,https://guide.michelin.com/at/en/vienna/wien/restaurant/le-ciel-by-toni-morwald
Chez TJ,South San Francisco,37.39468,-122.08044,https://guide.michelin.com/us/en/california/south-san-francisco/restaurant/chez-tj
Protégé,South San Francisco,37.427853,-122.14362,https://guide.michelin.com/us/en/california/south-san-francisco/restaurant/protege
Madera,San Francisco,37.42014,-122.21151,https://guide.michelin.com/us/en/california/san-francisco/restaurant/madera
The Village Pub,San Francisco,37.42897,-122.25178,https://guide.michelin.com/us/en/california/san-francisco/restaurant/the-village-pub
Plumed Horse,South San Francisco,37.25648,-122.03537,https://guide.michelin.com/us/en/california/south-san-francisco/restaurant/plumed-horse
Wakuriya,San Francisco,37.52114,-122.3366,https://guide.michelin.com/us/en/california/san-francisco/restaurant/wakuriya
Sushi Yoshizumi,San Francisco,37.565075,-122.3211,https://guide.michelin.com/us/en/california/san-francisco/restaurant/sushi-yoshizumi
Rasa,San Francisco,37.577522,-122.345985,https://guide.michelin.com/us/en/california/san-francisco/restaurant/rasa
Maum,South San Francisco,37.72669,-122.414215,https://guide.michelin.com/us/en/california/south-san-francisco/restaurant/maum
Al's Place,San Francisco,37.748924,-122.42013,https://guide.michelin.com/us/en/california/san-francisco/restaurant/al-s-place
Aster,San Francisco,37.755054,-122.423134,https://guide.michelin.com/us/en/california/san-francisco/restaurant/aster
Omakase,San Francisco,37.77077,-122.40298,https://guide.michelin.com/us/en/california/san-francisco/restaurant/omakase
Commonwealth,San Francisco,37.761395,-122.41946,https://guide.michelin.com/us/en/california/san-francisco/restaurant/commonwealth
Luce,San Francisco,37.78194,-122.40498,https://guide.michelin.com/us/en/california/san-francisco/restaurant/luce
Birdsong,San Francisco,37.779495,-122.41048,https://guide.michelin.com/us/en/california/san-francisco/restaurant/birdsong
In Situ,San Francisco,37.785633,-122.40113,https://guide.michelin.com/us/en/california/san-francisco/restaurant/in-situ
Mourad,San Francisco,37.78695,-122.39987,https://guide.michelin.com/us/en/california/san-francisco/restaurant/mourad
Hashiri,San Francisco,37.783062,-122.40754,https://guide.michelin.com/us/en/california/san-francisco/restaurant/hashiri
Angler,San Francisco,37.793167,-122.39213,https://guide.michelin.com/us/en/california/san-francisco/restaurant/angler
Rich Table,San Francisco,37.774914,-122.42271,https://guide.michelin.com/us/en/california/san-francisco/restaurant/rich-table
Kin Khao,San Francisco,37.785267,-122.40951,https://guide.michelin.com/us/en/california/san-francisco/restaurant/kin-khao
Michael Mina,San Francisco,37.79349,-122.399574,https://guide.michelin.com/us/en/california/san-francisco/restaurant/michael-mina
Sons & Daughters,San Francisco,37.79037,-122.40917,https://guide.michelin.com/us/en/california/san-francisco/restaurant/sons-daughters
Mister Jiu's,San Francisco,37.79371,-122.406654,https://guide.michelin.com/us/en/california/san-francisco/restaurant/mister-jius
Nico,San Francisco,37.795803,-122.40333,https://guide.michelin.com/us/en/california/san-francisco/restaurant/nico
jū-ni,San Francisco,37.77672,-122.43886,https://guide.michelin.com/us/en/california/san-francisco/restaurant/ju-ni
Keiko à Nob Hill,San Francisco,37.793106,-122.41445,https://guide.michelin.com/us/en/california/san-francisco/restaurant/keiko-a-nob-hill
The Progress,San Francisco,37.78371,-122.43282,https://guide.michelin.com/us/en/california/san-francisco/restaurant/the-progress
State Bird Provisions,San Francisco,37.783737,-122.43283,https://guide.michelin.com/us/en/california/san-francisco/restaurant/state-bird-provisions
Octavia,San Francisco,37.787857,-122.42709,https://guide.michelin.com/us/en/california/san-francisco/restaurant/octavia
SPQR,San Francisco,37.78732,-122.43375,https://guide.michelin.com/us/en/california/san-francisco/restaurant/spqr
Lord Stanley,San Francisco,37.79592,-122.42208,https://guide.michelin.com/us/en/california/san-francisco/restaurant/lord-stanley
Kinjo,San Francisco,37.79699,-122.422005,https://guide.michelin.com/us/en/california/san-francisco/restaurant/kinjo
Sorrel,San Francisco,37.788334,-122.44614,https://guide.michelin.com/us/en/california/san-francisco/restaurant/sorrel
Gary Danko,San Francisco,37.80599,-122.42066,https://guide.michelin.com/us/en/california/san-francisco/restaurant/gary-danko
Bar Crenn,San Francisco,37.798435,-122.43581,https://guide.michelin.com/us/en/california/san-francisco/restaurant/bar-crenn
Spruce,San Francisco,37.78772,-122.45264,https://guide.michelin.com/us/en/california/san-francisco/restaurant/spruce
Wako,San Francisco,37.783035,-122.461525,https://guide.michelin.com/us/en/california/san-francisco/restaurant/wako
Madcap,San Francisco,37.974712,-122.56168,https://guide.michelin.com/us/en/california/san-francisco/restaurant/madcap
Aubergine,Monterey,36.55406,-121.924355,https://guide.michelin.com/us/en/california/monterey/restaurant/aubergine
Kenzo,San Francisco,38.29924,-122.28928,https://guide.michelin.com/us/en/california/san-francisco/restaurant/kenzo
La Toque,San Francisco,38.30351,-122.28349,https://guide.michelin.com/us/en/california/san-francisco/restaurant/la-toque
Bouchon,San Francisco,38.40258,-122.3619,https://guide.michelin.com/us/en/california/san-francisco/restaurant/bouchon
Auberge du Soleil,San Francisco,38.49199,-122.40534,https://guide.michelin.com/us/en/california/san-francisco/restaurant/auberge-du-soleil
Farmhouse Inn & Restaurant,San Francisco,38.49039,-122.8835,https://guide.michelin.com/us/en/california/san-francisco/restaurant/farmhouse-inn-restaurant
The Kitchen,Sacramento,38.58894,-121.41424,https://guide.michelin.com/us/en/california/us-sacramento/restaurant/the-kitchen559371
Madrona Manor,San Francisco,38.60428,-122.88647,https://guide.michelin.com/us/en/california/san-francisco/restaurant/madrona-manor
Harbor House,San Francisco,39.135876,-123.719444,https://guide.michelin.com/us/en/california/san-francisco/restaurant/harbor-house
Shin Sushi,Los Angeles,34.15784,-118.49415,https://guide.michelin.com/us/en/california/us-los-angeles/restaurant/shin-sushi
Rustic Canyon,Los Angeles,34.024952,-118.49118,https://guide.michelin.com/us/en/california/us-los-angeles/restaurant/rustic-canyon
Dialogue,Los Angeles,34.01679,-118.49748,https://guide.michelin.com/us/en/california/us-los-angeles/restaurant/dialogue
Kato,Los Angeles,34.041683,-118.460915,https://guide.michelin.com/us/en/california/us-los-angeles/restaurant/kato
CUT,Los Angeles,34.067036,-118.401024,https://guide.michelin.com/us/en/california/us-los-angeles/restaurant/cut559418
Nozawa Bar,Los Angeles,34.0683,-118.39849,https://guide.michelin.com/us/en/california/us-los-angeles/restaurant/nozawa-bar
Shunji,Los Angeles,34.028496,-118.45195,https://guide.michelin.com/us/en/california/us-los-angeles/restaurant/shunji
Maude,Los Angeles,34.064346,-118.39904,https://guide.michelin.com/us/en/california/us-los-angeles/restaurant/maude
Mori Sushi,Los Angeles,34.033398,-118.44229,https://guide.michelin.com/us/en/california/us-los-angeles/restaurant/mori-sushi
Trois Mec,Los Angeles,34.084255,-118.33851,https://guide.michelin.com/us/en/california/us-los-angeles/restaurant/trois-mec
Osteria Mozza,Los Angeles,34.08342,-118.338974,https://guide.michelin.com/us/en/california/us-los-angeles/restaurant/osteria-mozza
Kali,Los Angeles,34.083443,-118.32455,https://guide.michelin.com/us/en/california/us-los-angeles/restaurant/kali
Le Comptoir,Los Angeles,34.06354,-118.30057,https://guide.michelin.com/us/en/california/us-los-angeles/restaurant/le-comptoir
Q Sushi,Los Angeles,34.046883,-118.255844,https://guide.michelin.com/us/en/california/us-los-angeles/restaurant/q-sushi
Shibumi,Los Angeles,34.044155,-118.256134,https://guide.michelin.com/us/en/california/us-los-angeles/restaurant/shibumi559644
Hayato,Los Angeles,34.03311,-118.24265,https://guide.michelin.com/us/en/california/us-los-angeles/restaurant/hayato
Bistro Na's,Los Angeles,34.104412,-118.07159,https://guide.michelin.com/us/en/california/us-los-angeles/restaurant/bistro-na-s
Orsa & Winston,Los Angeles,33.92145,-118.275406,https://guide.michelin.com/us/en/california/us-los-angeles/restaurant/orsa-winston
Taco María,Costa Mesa,33.69475,-117.924965,https://guide.michelin.com/us/en/california/us-costa-mesa/restaurant/taco-maria
Hana re,Costa Mesa,33.67759,-117.886566,https://guide.michelin.com/us/en/california/us-costa-mesa/restaurant/hana-re
Addison,San Diego,32.939903,-117.20013,https://guide.michelin.com/us/en/california/us-san-diego/restaurant/addison
Parachute,Chicago,41.94483,-87.70638,https://guide.michelin.com/us/en/illinois/chicago/restaurant/parachute
Goosefoot,Chicago,41.96856,-87.69596,https://guide.michelin.com/us/en/illinois/chicago/restaurant/goosefoot
Elizabeth,Chicago,41.969555,-87.688736,https://guide.michelin.com/us/en/illinois/chicago/restaurant/elizabeth
EL Ideas,Chicago,41.863,-87.68686,https://guide.michelin.com/us/en/illinois/chicago/restaurant/el-ideas
Band of Bohemia,Chicago,41.967308,-87.67477,https://guide.michelin.com/us/en/illinois/chicago/restaurant/band-of-bohemia
Schwa,Chicago,41.90888,-87.66792,https://guide.michelin.com/us/en/illinois/chicago/restaurant/schwa
Temporis,Chicago,41.898907,-87.66725,https://guide.michelin.com/us/en/illinois/chicago/restaurant/temporis
Entente,Chicago,41.93721,-87.6652,https://guide.michelin.com/us/en/illinois/chicago/restaurant/entente
Elske,Chicago,41.884426,-87.66071,https://guide.michelin.com/us/en/illinois/chicago/restaurant/elske
Dusek's (Board & Beer),Chicago,41.857853,-87.65757,https://guide.michelin.com/us/en/illinois/chicago/restaurant/dusek-s-board-beer
Roister,Chicago,41.886658,-87.65187,https://guide.michelin.com/us/en/illinois/chicago/restaurant/roister
Boka,Chicago,41.91363,-87.64806,https://guide.michelin.com/us/en/illinois/chicago/restaurant/boka
Blackbird,Chicago,41.88423,-87.64356,https://guide.michelin.com/us/en/illinois/chicago/restaurant/blackbird
Sepia,Chicago,41.88394,-87.64247,https://guide.michelin.com/us/en/illinois/chicago/restaurant/sepia
North Pond,Chicago,41.9296,-87.63762,https://guide.michelin.com/us/en/illinois/chicago/restaurant/north-pond
Everest,Chicago,41.87597,-87.63212,https://guide.michelin.com/us/en/illinois/chicago/restaurant/everest
Topolobampo,Chicago,41.89047,-87.63085,https://guide.michelin.com/us/en/illinois/chicago/restaurant/topolobampo
Spiaggia,Chicago,41.90062,-87.62457,https://guide.michelin.com/us/en/illinois/chicago/restaurant/spiaggia
Monte,Rovinj,45.08279,13.631168,https://guide.michelin.com/hr/en/istria/rovinj/restaurant/monte
Draga di Lovrana,Lovran,45.275867,14.251401,https://guide.michelin.com/hr/en/primorje-gorski-kotar/lovran/restaurant/draga-di-lovrana
Noel,Zagreb,45.811054,15.988205,https://guide.michelin.com/hr/en/zagreb-region/zagreb/restaurant/noel
Pelegrini,Šibenik,43.73603,15.888903,https://guide.michelin.com/hr/en/sibenik-knin/sibenik/restaurant/pelegrini
360º,Dubrovnik,42.641563,18.111523,https://guide.michelin.com/hr/en/dubrovnik-neretva/dubrovnik/restaurant/360%C2%BA
Field,Praha,50.0919,14.42193,https://guide.michelin.com/cz/en/prague/praha/restaurant/field
La Degustation Bohême Bourgeoise,Praha,50.09115,14.42511,https://guide.michelin.com/cz/en/prague/praha/restaurant/la-degustation-boheme-bourgeoise
Gastromé,Aarhus,56.15788,10.20937,https://guide.michelin.com/dk/en/central-denmark/aarhus/restaurant/gastrome
Domestic,Aarhus,56.15893,10.212132,https://guide.michelin.com/dk/en/central-denmark/aarhus/restaurant/domestic
Substans,Aarhus,56.15415,10.20372,https://guide.michelin.com/dk/en/central-denmark/aarhus/restaurant/substans
Frederikshøj,Aarhus,56.12497,10.208638,https://guide.michelin.com/dk/en/central-denmark/aarhus/restaurant/frederikshoj
Me‚Mu,Vejle,55.70901,9.53302,https://guide.michelin.com/dk/en/vejle/restaurant/me%E2%80%9Amu
Ti Trin Ned,Fredericia,55.56659,9.752689,https://guide.michelin.com/dk/en/southern-denmark/fredericia/restaurant/ti-trin-ned
Slotskøkkenet,Hørve,55.771236,11.390805,https://guide.michelin.com/dk/en/zealand/horve/restaurant/slotskokkenet
Søllerød Kro,København,55.81325,12.49548,https://guide.michelin.com/dk/en/capital-region/kobenhavn/restaurant/sollerod-kro
Jordnær,København,55.748226,12.541014,https://guide.michelin.com/dk/en/capital-region/kobenhavn/restaurant/jordnaer
Relæ,København,55.693233,12.543222,https://guide.michelin.com/dk/en/capital-region/kobenhavn/restaurant/relae
Kiin Kiin,København,55.69188,12.55754,https://guide.michelin.com/dk/en/capital-region/kobenhavn/restaurant/kiin-kiin
formel B,København,55.67031,12.53798,https://guide.michelin.com/dk/en/capital-region/kobenhavn/restaurant/formel-b
Kokkeriet,København,55.68768,12.58492,https://guide.michelin.com/dk/en/capital-region/kobenhavn/restaurant/kokkeriet
Clou,København,55.68342,12.58497,https://guide.michelin.com/dk/en/capital-region/kobenhavn/restaurant/clou
Marchal,København,55.68034,12.58508,https://guide.michelin.com/dk/en/capital-region/kobenhavn/restaurant/marchal
Kong Hans Kælder,København,55.6787,12.584003,https://guide.michelin.com/dk/en/capital-region/kobenhavn/restaurant/kong-hans-kaelder
Stud!o at The Standard,København,55.67799,12.59191,https://guide.michelin.com/dk/en/capital-region/kobenhavn/restaurant/stud-o-at-the-standard
108,København,55.67785,12.5980835,https://guide.michelin.com/dk/en/capital-region/kobenhavn/restaurant/108
Era Ora,København,55.673004,12.591292,https://guide.michelin.com/dk/en/capital-region/kobenhavn/restaurant/era-ora
Alouette,København,55.66265,12.57634,https://guide.michelin.com/dk/en/capital-region/kobenhavn/restaurant/alouette
Frederiksminde,Præstø,55.12417,12.04623,https://guide.michelin.com/dk/en/zealand/praesto/restaurant/frederiksminde
Kadeau Bornholm,Pedersker,55.00457,14.969216,https://guide.michelin.com/dk/en/capital-region/pedersker/restaurant/kadeau-bornholm
Ask,Helsingfors / Helsinki,60.17236,24.95648,https://guide.michelin.com/fi/en/uusimaa/helsingfors-helsinki/restaurant/ask
Grön,Helsingfors / Helsinki,60.16446,24.93308,https://guide.michelin.com/fi/en/uusimaa/helsingfors-helsinki/restaurant/gron
Demo,Helsingfors / Helsinki,60.164806,24.941635,https://guide.michelin.com/fi/en/uusimaa/helsingfors-helsinki/restaurant/demo
Olo,Helsingfors / Helsinki,60.16616,24.947704,https://guide.michelin.com/fi/en/uusimaa/helsingfors-helsinki/restaurant/olo
Palace,Helsingfors / Helsinki,60.16556,24.95256,https://guide.michelin.com/fi/en/uusimaa/helsingfors-helsinki/restaurant/palace
Ora,Helsingfors / Helsinki,60.157578,24.942947,https://guide.michelin.com/fi/en/uusimaa/helsingfors-helsinki/restaurant/ora
Botrini's,Athína,38.02318,23.79377,https://guide.michelin.com/gr/en/attica/athina/restaurant/botrini-s
Varoulko Seaside,Athína,37.937378,23.658577,https://guide.michelin.com/gr/en/attica/athina/restaurant/varoulko-seaside
Hytra,Athína,37.95818,23.71895,https://guide.michelin.com/gr/en/attica/athina/restaurant/hytra
Loaf On,Hong Kong,22.379858,114.27188,https://guide.michelin.com/hk/en/hong-kong-region/hong-kong/restaurant/loaf-on
Lei Garden (Kwun Tong),Hong Kong,22.312672,114.22482,https://guide.michelin.com/hk/en/hong-kong-region/hong-kong/restaurant/lei-garden-kwun-tong
Tim Ho Wan (Sham Shui Po),Hong Kong,22.32805,114.16665,https://guide.michelin.com/hk/en/hong-kong-region/hong-kong/restaurant/tim-ho-wan-sham-shui-po
Lei Garden (Mong Kok),Hong Kong,22.320219,114.17133,https://guide.michelin.com/hk/en/hong-kong-region/hong-kong/restaurant/lei-garden-mong-kok
Ming Court,Hong Kong,22.318314,114.16933,https://guide.michelin.com/hk/en/hong-kong-region/hong-kong/restaurant/ming-court
Yat Tung Heen (Jordan),Hong Kong,22.308014,114.17147,https://guide.michelin.com/hk/en/hong-kong-region/hong-kong/restaurant/yat-tung-heen-jordan
Fu Ho (Tsim Sha Tsui),Hong Kong,22.3022,114.17194,https://guide.michelin.com/hk/en/hong-kong-region/hong-kong/restaurant/fu-ho-tsim-sha-tsui
Shang Palace,Hong Kong,22.297325,114.177155,https://guide.michelin.com/hk/en/hong-kong-region/hong-kong/restaurant/shang-palace
IM Teppanyaki & Wine,Hong Kong,22.280807,114.19211,https://guide.michelin.com/hk/en/hong-kong-region/hong-kong/restaurant/im-teppanyaki-wine
Ah Yat Harbour View (Tsim Sha Tsui),Hong Kong,22.296984,114.17197,https://guide.michelin.com/hk/en/hong-kong-region/hong-kong/restaurant/ah-yat-harbour-view-tsim-sha-tsui
Rech,Hong Kong,22.293434,114.174034,https://guide.michelin.com/hk/en/hong-kong-region/hong-kong/restaurant/rech
Spring Moon,Hong Kong,22.294943,114.17182,https://guide.michelin.com/hk/en/hong-kong-region/hong-kong/restaurant/spring-moon
Imperial Treasure Fine Chinese Cuisine,Hong Kong,22.296177,114.170006,https://guide.michelin.com/hk/en/hong-kong-region/hong-kong/restaurant/imperial-treasure-fine-chinese-cuisine
Sushi Tokami,Hong Kong,22.296112,114.16916,https://guide.michelin.com/hk/en/hong-kong-region/hong-kong/restaurant/sushi-tokami
Tosca,Hong Kong,22.30357,114.16007,https://guide.michelin.com/hk/en/hong-kong-region/hong-kong/restaurant/tosca352519
Épure,,22.29583,114.169304,https://guide.michelin.com/hk/en/hong-kong-region/hong-kong/restaurant/epure
Yee Tung Heen,Hong Kong,22.282295,114.184135,https://guide.michelin.com/hk/en/hong-kong-region/hong-kong/restaurant/yee-tung-heen
Yè Shanghai (Tsim Sha Tsui),Hong Kong,22.295143,114.168236,https://guide.michelin.com/hk/en/hong-kong-region/hong-kong/restaurant/ye-shanghai-tsim-sha-tsui
Ho Hung Kee,Hong Kong,22.280058,114.18364,https://guide.michelin.com/hk/en/hong-kong-region/hong-kong/restaurant/ho-hung-kee
Jardin de Jade (Wan Chai),Hong Kong,22.28025,114.17716,https://guide.michelin.com/hk/en/hong-kong-region/hong-kong/restaurant/jardin-de-jade-wan-chai
Zhejiang Heen,Hong Kong,22.2787,114.17763,https://guide.michelin.com/hk/en/hong-kong-region/hong-kong/restaurant/zhejiang-heen
Takumi by Daisuke Mori,Hong Kong,22.276512,114.17718,https://guide.michelin.com/hk/en/hong-kong-region/hong-kong/restaurant/takumi-by-daisuke-mori
Kam's Roast Goose,Hong Kong,22.277693,114.175385,https://guide.michelin.com/hk/en/hong-kong-region/hong-kong/restaurant/kam-s-roast-goose
Pang's Kitchen,Hong Kong,22.26921,114.18452,https://guide.michelin.com/hk/en/hong-kong-region/hong-kong/restaurant/pang-s-kitchen
Xin Rong Ji,Hong Kong,22.278013,114.17273,https://guide.michelin.com/hk/en/hong-kong-region/hong-kong/restaurant/xin-rong-ji
Qi (Wan Chai),Hong Kong,22.276443,114.17126,https://guide.michelin.com/hk/en/hong-kong-region/hong-kong/restaurant/qi-wan-chai
Man Wah,Hong Kong,22.282213,114.15951,https://guide.michelin.com/hk/en/hong-kong-region/hong-kong/restaurant/man-wah
Summer Palace,Hong Kong,22.277136,114.1643,https://guide.michelin.com/hk/en/hong-kong-region/hong-kong/restaurant/summer-palace
Octavium,Hong Kong,22.282587,114.1572,https://guide.michelin.com/hk/en/hong-kong-region/hong-kong/restaurant/octavium
Arbor,,22.283146,114.15542,https://guide.michelin.com/hk/en/hong-kong-region/hong-kong/restaurant/arbor
VEA,Hong Kong,22.284931,114.15313,https://guide.michelin.com/hk/en/hong-kong-region/hong-kong/restaurant/vea
Mandarin Grill + Bar,Hong Kong,22.281048,114.1574,https://guide.michelin.com/hk/en/hong-kong-region/hong-kong/restaurant/mandarin-grill-bar
Yat Lok,Hong Kong,22.28226,114.155655,https://guide.michelin.com/hk/en/hong-kong-region/hong-kong/restaurant/yat-lok
Guo Fu Lou,Hong Kong,22.278313,114.16034,https://guide.michelin.com/hk/en/hong-kong-region/hong-kong/restaurant/guo-fu-lou567828
Celebrity Cuisine,Hong Kong,22.284334,114.15312,https://guide.michelin.com/hk/en/hong-kong-region/hong-kong/restaurant/celebrity-cuisine
Sushi Wadatsumi,Hong Kong,22.281038,114.15646,https://guide.michelin.com/hk/en/hong-kong-region/hong-kong/restaurant/sushi-wadatsumi
Arcane,Hong Kong,22.280624,114.15682,https://guide.michelin.com/hk/en/hong-kong-region/hong-kong/restaurant/arcane
Duddell's,Hong Kong,22.28008,114.157364,https://guide.michelin.com/hk/en/hong-kong-region/hong-kong/restaurant/duddell-s
Beefbar,Hong Kong,22.27982,114.15752,https://guide.michelin.com/hk/en/hong-kong-region/hong-kong/restaurant/beefbar
New Punjab Club,Hong Kong,22.28005,114.15525,https://guide.michelin.com/hk/en/hong-kong-region/hong-kong/restaurant/new-punjab-club
Kaiseki Den by Saotome,Hong Kong,22.285713,114.147865,https://guide.michelin.com/hk/en/hong-kong-region/hong-kong/restaurant/kaiseki-den-by-saotome
Belon,Hong Kong,22.281662,114.152405,https://guide.michelin.com/hk/en/hong-kong-region/hong-kong/restaurant/belon
Tate,Hong Kong,22.280996,114.15276,https://guide.michelin.com/hk/en/hong-kong-region/hong-kong/restaurant/tate
The Ocean,Hong Kong,22.235146,114.198524,https://guide.michelin.com/hk/en/hong-kong-region/hong-kong/restaurant/the-ocean
Costes Downtown,Budapest,47.50113,19.048595,https://guide.michelin.com/hu/en/central-hungary/budapest/restaurant/costes-downtown
Borkonyha Winekitchen,Budapest,47.49953,19.052391,https://guide.michelin.com/hu/en/central-hungary/budapest/restaurant/borkonyha-winekitchen
Stand,Budapest,47.500244,19.059624,https://guide.michelin.com/hu/en/central-hungary/budapest/restaurant/stand
Babel,Budapest,47.492603,19.05256,https://guide.michelin.com/hu/en/central-hungary/budapest/restaurant/babel
Costes,Budapest,47.48873,19.061779,https://guide.michelin.com/hu/en/central-hungary/budapest/restaurant/costes
The Kitchen,Macau,22.191442,113.543,https://guide.michelin.com/mo/en/macau-region/macau/restaurant/the-kitchen417810
Tim's Kitchen,Macau,22.189898,113.5439,https://guide.michelin.com/mo/en/macau-region/macau/restaurant/tim-s-kitchen
Wing Lei,Macau,22.188028,113.54578,https://guide.michelin.com/mo/en/macau-region/macau/restaurant/wing-lei
King,Macau,22.190178,113.54028,https://guide.michelin.com/mo/en/macau-region/macau/restaurant/king380226
Ying,Macau,22.161234,113.555405,https://guide.michelin.com/mo/en/macau-region/macau/restaurant/ying
Shinji by Kanesaka,Macau,22.149635,113.56397,https://guide.michelin.com/mo/en/macau-region/macau/restaurant/shinji-by-kanesaka
The Golden Peacock,Macau,22.148178,113.56335,https://guide.michelin.com/mo/en/macau-region/macau/restaurant/the-golden-peacock
Zi Yat Heen,Macau,22.145418,113.56152,https://guide.michelin.com/mo/en/macau-region/macau/restaurant/zi-yat-heen
8 1/2 Otto e Mezzo - Bombana,Macau,22.14918,113.55393,https://guide.michelin.com/mo/en/macau-region/macau/restaurant/8-1-2-otto-e-mezzo-bombana
Pearl Dragon,Macau,22.140524,113.56256,https://guide.michelin.com/mo/en/macau-region/macau/restaurant/pearl-dragon
Lai Heen,Macau,22.148754,113.551926,https://guide.michelin.com/mo/en/macau-region/macau/restaurant/lai-heen
FAGN,Trondheim,63.43392,10.39628,https://guide.michelin.com/no/en/trondelag/trondheim/restaurant/fagn
Credo,Trondheim,63.43391,10.39631,https://guide.michelin.com/no/en/trondelag/trondheim/restaurant/credo
RE-NAA,Stavanger,58.972088,5.732877,https://guide.michelin.com/no/en/rogaland/stavanger/restaurant/re-naa
Sabi Omakase,Stavanger,58.969936,5.7433133,https://guide.michelin.com/no/en/rogaland/stavanger/restaurant/sabi-omakase
Galt,Oslo,59.91661,10.71369,https://guide.michelin.com/no/en/oslo-region/oslo/restaurant/galt
Kontrast,Oslo,59.92355,10.75106,https://guide.michelin.com/no/en/oslo-region/oslo/restaurant/kontrast
Statholdergaarden,Oslo,59.90937,10.74305,https://guide.michelin.com/no/en/oslo-region/oslo/restaurant/statholdergaarden
Del Posto,New York,40.74327,-74.0077,https://guide.michelin.com/us/en/new-york-state/new-york/restaurant/del-posto
Le Grill de Joël Robuchon,New York,40.742897,-74.0077,https://guide.michelin.com/us/en/new-york-state/new-york/restaurant/le-grill-de-joel-robuchon
L'Appart,New York,40.711903,-74.01544,https://guide.michelin.com/us/en/new-york-state/new-york/restaurant/l-appart
Okuda,New York,40.743793,-74.00633,https://guide.michelin.com/us/en/new-york-state/new-york/restaurant/okuda
Wallsé,New York,40.73538,-74.00814,https://guide.michelin.com/us/en/new-york-state/new-york/restaurant/wallse
Jeju Noodle Bar,New York,40.732952,-74.00744,https://guide.michelin.com/us/en/new-york-state/new-york/restaurant/jeju-noodle-bar
Sushi Nakazawa,New York,40.731716,-74.00451,https://guide.michelin.com/us/en/new-york-state/new-york/restaurant/sushi-nakazawa
Kosaka,New York,40.738316,-74.00137,https://guide.michelin.com/us/en/new-york-state/new-york/restaurant/kosaka
Bâtard,New York,40.719616,-74.00589,https://guide.michelin.com/us/en/new-york-state/new-york/restaurant/batard
Hirohisa,New York,40.72452,-74.003006,https://guide.michelin.com/us/en/new-york-state/new-york/restaurant/hirohisa
Blue Hill,New York,40.7321,-73.9996,https://guide.michelin.com/us/en/new-york-state/new-york/restaurant/blue-hill
ZZ's Clam Bar,New York,40.727646,-74.00046,https://guide.michelin.com/us/en/new-york-state/new-york/restaurant/zz-s-clam-bar
Babbo,New York,40.73233,-73.99916,https://guide.michelin.com/us/en/new-york-state/new-york/restaurant/babbo
Carbone,New York,40.727966,-74.00017,https://guide.michelin.com/us/en/new-york-state/new-york/restaurant/carbone
Le Coucou,New York,40.719162,-74.00001,https://guide.michelin.com/us/en/new-york-state/new-york/restaurant/le-coucou
Aldea,New York,40.73885,-73.99366,https://guide.michelin.com/us/en/new-york-state/new-york/restaurant/aldea
Cote,New York,40.73778,-73.99375,https://guide.michelin.com/us/en/new-york-state/new-york/restaurant/cote
Bouley at Home,New York,40.74114,-73.99242,https://guide.michelin.com/us/en/new-york-state/new-york/restaurant/bouley-at-home
Gotham Bar and Grill,New York,40.73417,-73.99379,https://guide.michelin.com/us/en/new-york-state/new-york/restaurant/gotham-bar-and-grill
Nix,New York,40.733166,-73.993515,https://guide.michelin.com/us/en/new-york-state/new-york/restaurant/nix
Junoon,New York,40.74325,-73.99077,https://guide.michelin.com/us/en/new-york-state/new-york/restaurant/junoon
NoMad,New York,40.74497,-73.98883,https://guide.michelin.com/us/en/new-york-state/new-york/restaurant/nomad
The Musket Room,New York,40.723915,-73.99375,https://guide.michelin.com/us/en/new-york-state/new-york/restaurant/the-musket-room
Uncle Boons,New York,40.721203,-73.99441,https://guide.michelin.com/us/en/new-york-state/new-york/restaurant/uncle-boons
Noda,New York,40.74497,-73.988075,https://guide.michelin.com/us/en/new-york-state/new-york/restaurant/noda
Gramercy Tavern,New York,40.73849,-73.98868,https://guide.michelin.com/us/en/new-york-state/new-york/restaurant/gramercy-tavern
The Clocktower,New York,40.7414,-73.987595,https://guide.michelin.com/us/en/new-york-state/new-york/restaurant/the-clocktower
Ai Fiori,New York,40.75013,-73.98357,https://guide.michelin.com/us/en/new-york-state/new-york/restaurant/ai-fiori
Casa Mono,New York,40.73595,-73.98706,https://guide.michelin.com/us/en/new-york-state/new-york/restaurant/casa-mono
Jewel Bako,New York,40.72713,-73.98928,https://guide.michelin.com/us/en/new-york-state/new-york/restaurant/jewel-bako
The River Café,New York,40.703613,-73.994774,https://guide.michelin.com/us/en/new-york-state/new-york/restaurant/the-river-cafe
Bar Uchū,New York,40.72191,-73.99003,https://guide.michelin.com/us/en/new-york-state/new-york/restaurant/bar-uchu
Café China,New York,40.749973,-73.98228,https://guide.michelin.com/us/en/new-york-state/new-york/restaurant/cafe-china
Kanoyama,New York,40.73071,-73.98655,https://guide.michelin.com/us/en/new-york-state/new-york/restaurant/kanoyama
Contra,New York,40.719917,-73.98922,https://guide.michelin.com/us/en/new-york-state/new-york/restaurant/contra
Atomix,New York,40.744408,-73.98292,https://guide.michelin.com/us/en/new-york-state/new-york/restaurant/atomix
Kyo Ya,New York,40.7266,-73.98526,https://guide.michelin.com/us/en/new-york-state/new-york/restaurant/kyo-ya
Kajitsu,New York,40.72776,-73.98428,https://guide.michelin.com/us/en/new-york-state/new-york/restaurant/kajitsu
Agern,New York,40.75234,-73.9775,https://guide.michelin.com/us/en/new-york-state/new-york/restaurant/agern
Caviar Russe,New York,40.760685,-73.97355,https://guide.michelin.com/us/en/new-york-state/new-york/restaurant/caviar-russe
Tuome,New York,40.724194,-73.9828,https://guide.michelin.com/us/en/new-york-state/new-york/restaurant/tuome
Tempura Matsui,New York,40.74839,-73.97474,https://guide.michelin.com/us/en/new-york-state/new-york/restaurant/tempura-matsui
Sushi Yasuda,New York,40.75108,-73.97364,https://guide.michelin.com/us/en/new-york-state/new-york/restaurant/sushi-yasuda
Sushi Amane,New York,40.75133,-73.971725,https://guide.michelin.com/us/en/new-york-state/new-york/restaurant/sushi-amane
Café Boulud,New York,40.77439,-73.96414,https://guide.michelin.com/us/en/new-york-state/new-york/restaurant/cafe-boulud
Claro,New York,40.677395,-73.98615,https://guide.michelin.com/us/en/new-york-state/new-york/restaurant/claro
Satsuki,New York,40.801243,-73.95187,https://guide.michelin.com/us/en/new-york-state/new-york/restaurant/satsuki
Sushi Noz,New York,40.77384,-73.958275,https://guide.michelin.com/us/en/new-york-state/new-york/restaurant/sushi-noz
Sushi Inoue,New York,40.810448,-73.943726,https://guide.michelin.com/us/en/new-york-state/new-york/restaurant/sushi-inoue
Meadowsweet,New York,40.710354,-73.96317,https://guide.michelin.com/us/en/new-york-state/new-york/restaurant/meadowsweet
Casa Enríque,New York,40.743492,-73.95425,https://guide.michelin.com/us/en/new-york-state/new-york/restaurant/casa-enrique
Peter Luger,New York,40.70986,-73.96263,https://guide.michelin.com/us/en/new-york-state/new-york/restaurant/peter-luger
Oxomoco,New York,40.730057,-73.95538,https://guide.michelin.com/us/en/new-york-state/new-york/restaurant/oxomoco
The Finch,New York,40.68704,-73.96297,https://guide.michelin.com/us/en/new-york-state/new-york/restaurant/the-finch
Faro,New York,40.707584,-73.923035,https://guide.michelin.com/us/en/new-york-state/new-york/restaurant/faro
Senses,Warszawa,52.244583,21.005886,https://guide.michelin.com/pl/en/masovia/warszawa/restaurant/senses
atelier Amaro,Warszawa,52.21708,21.03768,https://guide.michelin.com/pl/en/masovia/warszawa/restaurant/atelier-amaro
Aniar,Gaillimh/Galway,53.27112,-9.057078,https://guide.michelin.com/ie/en/galway/gaillimh-galway/restaurant/aniar
Loam,Gaillimh/Galway,53.27384,-9.044447,https://guide.michelin.com/ie/en/galway/gaillimh-galway/restaurant/loam
Wild Honey Inn,Lios Dúin Bhearna/Lisdoonvarna,53.03151,-9.2911,https://guide.michelin.com/ie/en/clare/lios-duin-bhearna-lisdoonvarna/restaurant/wild-honey-inn
Chestnut,Ballydehob,51.562588,-9.460854,https://guide.michelin.com/ie/en/cork/ballydehob/restaurant/chestnut
Mews,Baltimore,51.48285,-9.37234,https://guide.michelin.com/ie/en/cork/ie-baltimore/restaurant/mews
Ichigo Ichie,Corcaigh/Cork,51.898167,-8.479933,https://guide.michelin.com/ie/en/cork/corcaigh-cork/restaurant/ichigo-ichie
Chapter One,City Centre,53.354374,-6.263786,https://guide.michelin.com/ie/en/dublin/city-centre/restaurant/chapter-one
Greenhouse,City Centre,53.340042,-6.258506,https://guide.michelin.com/ie/en/dublin/city-centre/restaurant/greenhouse
L'Ecrivain,City Centre,53.33627,-6.24834,https://guide.michelin.com/ie/en/dublin/city-centre/restaurant/l-ecrivain
Campagne,Cill Chainnigh/Kilkenny,52.6559,-7.2464285,https://guide.michelin.com/ie/en/kilkenny/cill-chainnigh-kilkenny/restaurant/campagne
Heron & Grey,Blackrock,53.30143,-6.177574,https://guide.michelin.com/ie/en/dun-laoghaire-rathdown/blackrock/restaurant/heron-grey
Lady Helen,Baile Mhic Andáin/Thomastown,52.526096,-7.188277,https://guide.michelin.com/ie/en/kilkenny/baile-mhic-andain-thomastown/restaurant/lady-helen
House,Aird Mhór/Ardmore,51.94777,-7.7135396,https://guide.michelin.com/ie/en/waterford/aird-mhor-ardmore/restaurant/house
Olympe,Rio de Janeiro - 22470,-22.96109,-43.20658,https://guide.michelin.com/br/en/rio-de-janeiro-region/rio-de-janeiro/restaurant/olympe
Lasai,Rio de Janeiro - 22271,-22.95401,-43.19557,https://guide.michelin.com/br/en/rio-de-janeiro-region/rio-de-janeiro/restaurant/lasai
Oteque,Rio de Janeiro - 22271,-22.95747,-43.194424,https://guide.michelin.com/br/en/rio-de-janeiro-region/rio-de-janeiro/restaurant/oteque
Mee,Rio de Janeiro - 22021,-22.96764,-43.17925,https://guide.michelin.com/br/en/rio-de-janeiro-region/rio-de-janeiro/restaurant/mee
Cipriani,Rio de Janeiro - 22021,-22.96755,-43.17901,https://guide.michelin.com/br/en/rio-de-janeiro-region/rio-de-janeiro/restaurant/cipriani
Jun Sakamoto,São Paulo - 05413,-23.56318,-46.67737,https://guide.michelin.com/br/en/sao-paulo-region/sao-paulo/restaurant/jun-sakamoto
Maní,São Paulo - 05415,-23.56621,-46.67974,https://guide.michelin.com/br/en/sao-paulo-region/sao-paulo/restaurant/mani
Evvai,São Paulo - 05415,-23.567078,-46.679146,https://guide.michelin.com/br/en/sao-paulo-region/sao-paulo/restaurant/evvai
Picchi,São Paulo - 01426,-23.565063,-46.666767,https://guide.michelin.com/br/en/sao-paulo-region/sao-paulo/restaurant/picchi
Kosushi,São Paulo - 04538,-23.58522,-46.6809,https://guide.michelin.com/br/en/sao-paulo-region/sao-paulo/restaurant/kosushi
Ryo Gastronomia,São Paulo - 04531,-23.58132,-46.6767,https://guide.michelin.com/br/en/sao-paulo-region/sao-paulo/restaurant/ryo-gastronomia
Tangará Jean-Georges,São Paulo - 05706,-23.634005,-46.72428,https://guide.michelin.com/br/en/sao-paulo-region/sao-paulo/restaurant/tangara-jean-georges
Kinoshita,São Paulo - 04509,-23.59159,-46.67146,https://guide.michelin.com/br/en/sao-paulo-region/sao-paulo/restaurant/kinoshita
Kan Suke,São Paulo - 01401,-23.5684,-46.64936,https://guide.michelin.com/br/en/sao-paulo-region/sao-paulo/restaurant/kan-suke
Huto,São Paulo - 04080,-23.60882,-46.6598,https://guide.michelin.com/br/en/sao-paulo-region/sao-paulo/restaurant/huto
Stay,Seoul,37.513004,127.10257,https://guide.michelin.com/kr/en/seoul-capital-area/kr-seoul/restaurant/stay
Lee Jong Kuk 104,Seoul,37.592903,126.997284,https://guide.michelin.com/kr/en/seoul-capital-area/kr-seoul/restaurant/lee-jong-kuk-104
Hansikgonggan,Seoul,37.577705,126.98852,https://guide.michelin.com/kr/en/seoul-capital-area/kr-seoul/restaurant/hansikgonggan
Dining in Space,Seoul,37.57761,126.98845,https://guide.michelin.com/kr/en/seoul-capital-area/kr-seoul/restaurant/dining-in-space
Exquisine,Seoul,37.521046,127.049736,https://guide.michelin.com/kr/en/seoul-capital-area/kr-seoul/restaurant/exquisine
Dosa,Seoul,37.52445,127.04441,https://guide.michelin.com/kr/en/seoul-capital-area/kr-seoul/restaurant/dosa511871
Joo Ok,Seoul,37.52252,127.04396,https://guide.michelin.com/kr/en/seoul-capital-area/kr-seoul/restaurant/joo-ok
Balwoo Gongyang,Seoul,37.57389,126.98318,https://guide.michelin.com/kr/en/seoul-capital-area/kr-seoul/restaurant/balwoo-gongyang
Muoki,Seoul,37.518963,127.04217,https://guide.michelin.com/kr/en/seoul-capital-area/kr-seoul/restaurant/muoki
L'Amitié,Seoul,37.522675,127.032646,https://guide.michelin.com/kr/en/seoul-capital-area/kr-seoul/restaurant/l-amitie
Yu Yuan,Seoul,37.57045,126.97534,https://guide.michelin.com/kr/en/seoul-capital-area/kr-seoul/restaurant/yu-yuan
Bicena,Seoul,37.5384,127.00135,https://guide.michelin.com/kr/en/seoul-capital-area/kr-seoul/restaurant/bicena
Mosu,Seoul,37.536415,126.99934,https://guide.michelin.com/kr/en/seoul-capital-area/kr-seoul/restaurant/mosu
Poom,Seoul,37.54903,126.98341,https://guide.michelin.com/kr/en/seoul-capital-area/kr-seoul/restaurant/poom
Soigné,Seoul,37.49816,127.002,https://guide.michelin.com/kr/en/seoul-capital-area/kr-seoul/restaurant/soigne
Table for Four,Seoul,37.49769,126.99442,https://guide.michelin.com/kr/en/seoul-capital-area/kr-seoul/restaurant/table-for-four
Zero Complex,Seoul,37.49417,126.9948,https://guide.michelin.com/kr/en/seoul-capital-area/kr-seoul/restaurant/zero-complex
Jin Jin,Seoul,37.55777,126.91324,https://guide.michelin.com/kr/en/seoul-capital-area/kr-seoul/restaurant/jin-jin
Gotgan,Seoul,37.52212,126.92022,https://guide.michelin.com/kr/en/seoul-capital-area/kr-seoul/restaurant/gotgan
Hill Street Tai Hwa Pork Noodle,Singapore,1.3052,103.8624,https://guide.michelin.com/sg/en/singapore-region/singapore/restaurant/hill-street-tai-hwa-pork-noodle
Putien (Kitchener Road),Singapore,1.30969,103.8573,https://guide.michelin.com/sg/en/singapore-region/singapore/restaurant/putien-kitchener-road
Chef Kang's,Singapore,1.304735,103.84955,https://guide.michelin.com/sg/en/singapore-region/singapore/restaurant/chef-kang-s
Garibaldi,Singapore,1.296564,103.855,https://guide.michelin.com/sg/en/singapore-region/singapore/restaurant/garibaldi
Summer Pavilion,Singapore,1.291284,103.8603,https://guide.michelin.com/sg/en/singapore-region/singapore/restaurant/summer-pavilion
Shinji (Bras Basah Road),Singapore,1.2959028,103.8539,https://guide.michelin.com/sg/en/singapore-region/singapore/restaurant/shinji-bras-basah-road
The Song of India,Singapore,1.310767,103.8353,https://guide.michelin.com/sg/en/singapore-region/singapore/restaurant/the-song-of-india
Lei Garden,Singapore,1.295228,103.8521,https://guide.michelin.com/sg/en/singapore-region/singapore/restaurant/lei-garden501509
Whitegrass,Singapore,1.295452,103.8516,https://guide.michelin.com/sg/en/singapore-region/singapore/restaurant/whitegrass
Jaan,Singapore,1.293184,103.8529,https://guide.michelin.com/sg/en/singapore-region/singapore/restaurant/jaan
Labyrinth,Singapore,1.2899688,103.8562,https://guide.michelin.com/sg/en/singapore-region/singapore/restaurant/labyrinth
Cut,Singapore,1.2853268,103.8607,https://guide.michelin.com/sg/en/singapore-region/singapore/restaurant/cut
Alma,Singapore,1.309123,103.834,https://guide.michelin.com/sg/en/singapore-region/singapore/restaurant/alma
Béni,Singapore,1.302379,103.8366,https://guide.michelin.com/sg/en/singapore-region/singapore/restaurant/beni
Crystal Jade Golden Palace,Singapore,1.303244,103.8353,https://guide.michelin.com/sg/en/singapore-region/singapore/restaurant/crystal-jade-golden-palace
Imperial Treasure Fine Teochew Cuisine (Orchard),Singapore,1.3032448,103.8349,https://guide.michelin.com/sg/en/singapore-region/singapore/restaurant/imperial-treasure-fine-teochew-cuisine-orchard
Saint Pierre,Singapore,1.285781,103.8538,https://guide.michelin.com/sg/en/singapore-region/singapore/restaurant/saint-pierre
Sushi Ichi,Singapore,1.305105,103.8324,https://guide.michelin.com/sg/en/singapore-region/singapore/restaurant/sushi-ichi
Sushi Kimura,Singapore,1.3063719,103.829475,https://guide.michelin.com/sg/en/singapore-region/singapore/restaurant/sushi-kimura
Iggy's,Singapore,1.305986,103.8294,https://guide.michelin.com/sg/en/singapore-region/singapore/restaurant/iggy-s
Braci,Singapore,1.287212,103.84949,https://guide.michelin.com/sg/en/singapore-region/singapore/restaurant/braci
Jiang-Nan Chun,Singapore,1.304937,103.8288,https://guide.michelin.com/sg/en/singapore-region/singapore/restaurant/jiang-nan-chun
Bacchanalia,Singapore,1.2874758,103.8474,https://guide.michelin.com/sg/en/singapore-region/singapore/restaurant/bacchanalia
Shinji (Tanglin Road),Singapore,1.305821,103.8257,https://guide.michelin.com/sg/en/singapore-region/singapore/restaurant/shinji-tanglin-road
Corner House,Singapore,1.315121,103.8154,https://guide.michelin.com/sg/en/singapore-region/singapore/restaurant/corner-house
Summer Palace,Singapore,1.3043848,103.825,https://guide.michelin.com/sg/en/singapore-region/singapore/restaurant/summer-palace501658
Cheek by Jowl,Singapore,1.281301,103.84849,https://guide.michelin.com/sg/en/singapore-region/singapore/restaurant/cheek-by-jowl
Nouri,Singapore,1.28086,103.84713,https://guide.michelin.com/sg/en/singapore-region/singapore/restaurant/nouri
Liao Fan Hong Kong Soya Sauce Chicken Rice & Noodle,Singapore,1.28248,103.8439,https://guide.michelin.com/sg/en/singapore-region/singapore/restaurant/liao-fan-hong-kong-soya-sauce-chicken-rice-noodle
Burnt Ends,Singapore,1.280501,103.8418,https://guide.michelin.com/sg/en/singapore-region/singapore/restaurant/burnt-ends
Rhubarb,Singapore,1.279368,103.843,https://guide.michelin.com/sg/en/singapore-region/singapore/restaurant/rhubarb
Meta,Singapore,1.279372,103.8415,https://guide.michelin.com/sg/en/singapore-region/singapore/restaurant/meta
Ma Cuisine,Singapore,1.27826,103.842,https://guide.michelin.com/sg/en/singapore-region/singapore/restaurant/ma-cuisine
Candlenut,Singapore,1.2797709,103.8402,https://guide.michelin.com/sg/en/singapore-region/singapore/restaurant/candlenut
Bhoga,Göteborg,57.70618,11.9624,https://guide.michelin.com/se/en/vastra-gotaland/goteborg/restaurant/bhoga
Koka,Göteborg,57.698406,11.965365,https://guide.michelin.com/se/en/vastra-gotaland/goteborg/restaurant/koka
28+,Göteborg,57.69809,11.97377,https://guide.michelin.com/se/en/vastra-gotaland/goteborg/restaurant/28
SK Mat & Människor,Göteborg,57.69688,11.98338,https://guide.michelin.com/se/en/vastra-gotaland/goteborg/restaurant/sk-mat-manniskor
Thörnströms Kök,Göteborg,57.69437,11.977609,https://guide.michelin.com/se/en/vastra-gotaland/goteborg/restaurant/thornstroms-kok
Upper House,Göteborg,57.69745,11.99021,https://guide.michelin.com/se/en/vastra-gotaland/goteborg/restaurant/upper-house
Agrikultur,Stockholm,59.34777,18.05863,https://guide.michelin.com/se/en/stockholm-region/stockholm/restaurant/agrikultur
Sushi Sho,Stockholm,59.341286,18.049892,https://guide.michelin.com/se/en/stockholm-region/stockholm/restaurant/sushi-sho
Volt,Stockholm,59.33867,18.079683,https://guide.michelin.com/se/en/stockholm-region/stockholm/restaurant/volt
Ekstedt,Stockholm,59.33674,18.07521,https://guide.michelin.com/se/en/stockholm-region/stockholm/restaurant/ekstedt
Operakällaren,Stockholm,59.329876,18.071363,https://guide.michelin.com/se/en/stockholm-region/stockholm/restaurant/operakallaren
Mathias Dahlgren-Matbaren,Stockholm,59.32935,18.07543,https://guide.michelin.com/se/en/stockholm-region/stockholm/restaurant/mathias-dahlgren-matbaren
Aloë,Stockholm,59.2842,17.985748,https://guide.michelin.com/se/en/stockholm-region/stockholm/restaurant/aloe
PM & Vänner,Växjö,56.87892,14.80387,https://guide.michelin.com/se/en/kronoberg/vaxjo/restaurant/pm-vanner
Bloom in the Park,Malmö,55.59064,12.99794,https://guide.michelin.com/se/en/skane/malmo/restaurant/bloom-in-the-park
SAV,Malmö,55.53376,13.00537,https://guide.michelin.com/se/en/skane/malmo/restaurant/sav
Golden Formosa,Taipei,25.118216,121.53623,https://guide.michelin.com/tw/en/taipei-region/taipei/restaurant/golden-formosa
Danny's Steakhouse,Taipei,25.082657,121.552765,https://guide.michelin.com/tw/en/taipei-region/taipei/restaurant/danny-s-steakhouse
L'Atelier de Joël Robuchon,Taipei,25.039188,121.56771,https://guide.michelin.com/tw/en/taipei-region/taipei/restaurant/l-atelier-de-joel-robuchon550759
Kitcho,Taipei,25.04429,121.55076,https://guide.michelin.com/tw/en/taipei-region/taipei/restaurant/kitcho
Tien Hsiang Lo,Taipei,25.062696,121.529976,https://guide.michelin.com/tw/en/taipei-region/taipei/restaurant/tien-hsiang-lo
Ya Ge,Taipei,25.06625,121.52533,https://guide.michelin.com/tw/en/taipei-region/taipei/restaurant/ya-ge
Da-Wan,Taipei,25.043018,121.55019,https://guide.michelin.com/tw/en/taipei-region/taipei/restaurant/da-wan
Sushi Nomura,Taipei,25.03618,121.55465,https://guide.michelin.com/tw/en/taipei-region/taipei/restaurant/sushi-nomura
logy,Taipei,25.03561,121.55323,https://guide.michelin.com/tw/en/taipei-region/taipei/restaurant/logy
Ming Fu,Taipei,25.06171,121.52399,https://guide.michelin.com/tw/en/taipei-region/taipei/restaurant/ming-fu
Ken An Ho,Taipei,25.034622,121.55281,https://guide.michelin.com/tw/en/taipei-region/taipei/restaurant/ken-an-ho
Sushi Ryu,Taipei,25.055832,121.52724,https://guide.michelin.com/tw/en/taipei-region/taipei/restaurant/sushi-ryu
MUME,Taipei,25.036266,121.54809,https://guide.michelin.com/tw/en/taipei-region/taipei/restaurant/mume
Impromptu by Paul Lee,Taipei,25.05429,121.524254,https://guide.michelin.com/tw/en/taipei-region/taipei/restaurant/impromptu-by-paul-lee
Longtail,Taipei,25.023922,121.54841,https://guide.michelin.com/tw/en/taipei-region/taipei/restaurant/longtail
Mountain and Sea House,Taipei,25.038046,121.531395,https://guide.michelin.com/tw/en/taipei-region/taipei/restaurant/mountain-and-sea-house
Da San Yuan,Taipei,25.042248,121.512215,https://guide.michelin.com/tw/en/taipei-region/taipei/restaurant/da-san-yuan
Tainan Tan Tsu Mien Seafood,Taipei,25.03799,121.4984,https://guide.michelin.com/tw/en/taipei-region/taipei/restaurant/tainan-tan-tsu-mien-seafood
Suan Thip,Bangkok,13.926962,100.502144,https://guide.michelin.com/th/en/bangkok-region/bangkok/restaurant/suan-thip
Upstairs at Mikkeller,Bangkok,13.727946,100.58844,https://guide.michelin.com/th/en/bangkok-region/bangkok/restaurant/upstairs-at-mikkeller
Chim by Siam Wisdom,Bangkok,13.740706,100.56789,https://guide.michelin.com/th/en/bangkok-region/bangkok/restaurant/chim-by-siam-wisdom
R-Haan,Bangkok,13.731805,100.57972,https://guide.michelin.com/th/en/bangkok-region/bangkok/restaurant/r-haan
Canvas,Bangkok,13.728886,100.580826,https://guide.michelin.com/th/en/bangkok-region/bangkok/restaurant/canvas566292
Bo.lan,Bangkok,13.726389,100.57799,https://guide.michelin.com/th/en/bangkok-region/bangkok/restaurant/bo-lan
Sra Bua by Kiin Kiin,Bangkok,13.754137,100.53451,https://guide.michelin.com/th/en/bangkok-region/bangkok/restaurant/sra-bua-by-kiin-kiin
Elements,Bangkok,13.742978,100.54798,https://guide.michelin.com/th/en/bangkok-region/bangkok/restaurant/elements
Paste,Bangkok,13.744594,100.540565,https://guide.michelin.com/th/en/bangkok-region/bangkok/restaurant/paste
Ginza Sushi ichi,Bangkok,13.744069,100.54092,https://guide.michelin.com/th/en/bangkok-region/bangkok/restaurant/ginza-sushi-ichi
Sorn,Bangkok,13.723242,100.56848,https://guide.michelin.com/th/en/bangkok-region/bangkok/restaurant/sorn
Savelberg,Bangkok,13.738216,100.54642,https://guide.michelin.com/th/en/bangkok-region/bangkok/restaurant/savelberg
Saneh Jaan,Bangkok,13.735739,100.54605,https://guide.michelin.com/th/en/bangkok-region/bangkok/restaurant/saneh-jaan
Gaa,Bangkok,13.737806,100.54275,https://guide.michelin.com/th/en/bangkok-region/bangkok/restaurant/gaa
Methavalai Sorndaeng,Bangkok,13.756321,100.502045,https://guide.michelin.com/th/en/bangkok-region/bangkok/restaurant/methavalai-sorndaeng
Jay Fai,Bangkok,13.752614,100.50466,https://guide.michelin.com/th/en/bangkok-region/bangkok/restaurant/jay-fai
Nahm,Bangkok,13.724357,100.53926,https://guide.michelin.com/th/en/bangkok-region/bangkok/restaurant/nahm
J'AIME by Jean-Michel Lorain,Bangkok,13.718885,100.546326,https://guide.michelin.com/th/en/bangkok-region/bangkok/restaurant/j-aime-by-jean-michel-lorain
Saawaan,Bangkok,13.721809,100.53741,https://guide.michelin.com/th/en/bangkok-region/bangkok/restaurant/saawaan
Le Du,Bangkok,13.725005,100.52939,https://guide.michelin.com/th/en/bangkok-region/bangkok/restaurant/le-du
Ruean Panya,Bangkok,13.558403,100.28264,https://guide.michelin.com/th/en/bangkok-region/bangkok/restaurant/ruean-panya
PRU,Phuket,8.034298,98.2764,https://guide.michelin.com/th/en/phuket-region/phuket/restaurant/pru
Blue Duck Tavern,"Washington, D.C.",38.905373,-77.05128,https://guide.michelin.com/us/en/washington/washington-dc/restaurant/blue-duck-tavern
Tail Up Goat,"Washington, D.C.",38.9235,-77.043274,https://guide.michelin.com/us/en/washington/washington-dc/restaurant/tail-up-goat
Komi,"Washington, D.C.",38.910107,-77.03836,https://guide.michelin.com/us/en/washington/washington-dc/restaurant/komi
Sushi Taro,"Washington, D.C.",38.909992,-77.03834,https://guide.michelin.com/us/en/washington/washington-dc/restaurant/sushi-taro
Plume,"Washington, D.C.",38.906,-77.03671,https://guide.michelin.com/us/en/washington/washington-dc/restaurant/plume
Siren by RW,"Washington, D.C.",38.907776,-77.035446,https://guide.michelin.com/us/en/washington/washington-dc/restaurant/siren-by-rw
Bresca,"Washington, D.C.",38.91584,-77.0321,https://guide.michelin.com/us/en/washington/washington-dc/restaurant/bresca
The Dabney,"Washington, D.C.",38.906292,-77.024666,https://guide.michelin.com/us/en/washington/washington-dc/restaurant/the-dabney
Métier,"Washington, D.C.",38.903503,-77.0218,https://guide.michelin.com/us/en/washington/washington-dc/restaurant/metier
Kinship,"Washington, D.C.",38.903282,-77.0218,https://guide.michelin.com/us/en/washington/washington-dc/restaurant/kinship
Fiola,"Washington, D.C.",38.89416,-77.02032,https://guide.michelin.com/us/en/washington/washington-dc/restaurant/fiola
Masseria,"Washington, D.C.",38.909504,-76.99908,https://guide.michelin.com/us/en/washington/washington-dc/restaurant/masseria
Rose's Luxury,"Washington, D.C.",38.88064,-76.99515,https://guide.michelin.com/us/en/washington/washington-dc/restaurant/rose-s-luxury
Loch Bay,Waternish,57.51487,-6.57114,https://guide.michelin.com/gb/en/highland/waternish/restaurant/loch-bay
Braidwoods,Dalry,55.69474,-4.7425,https://guide.michelin.com/gb/en/north-ayrshire/dalry/restaurant/braidwoods
Eipic,Belfast,54.595898,-5.9322424,https://guide.michelin.com/gb/en/belfast/belfast/restaurant/eipic
OX,Belfast,54.59891,-5.92198,https://guide.michelin.com/gb/en/belfast/belfast/restaurant/ox399109
The Peat Inn,Peat Inn,56.27861,-2.8845797,https://guide.michelin.com/gb/en/fife/peat-inn/restaurant/the-peat-inn
Kitchin,Leith,55.976967,-3.172842,https://guide.michelin.com/gb/en/city-of-edinburgh/leith/restaurant/kitchin
Martin Wishart,Leith,55.97552,-3.17019,https://guide.michelin.com/gb/en/city-of-edinburgh/leith/restaurant/martin-wishart
Number One,Edinburgh,55.95298,-3.18966,https://guide.michelin.com/gb/en/city-of-edinburgh/edinburgh/restaurant/number-one
21212,Edinburgh,55.95674,-3.18018,https://guide.michelin.com/gb/en/city-of-edinburgh/edinburgh/restaurant/21212
The Cellar,Anstruther,56.222126,-2.696321,https://guide.michelin.com/gb/en/fife/anstruther/restaurant/the-cellar
Forest Side,Grasmere,54.46396,-3.0157998,https://guide.michelin.com/gb/en/cumbria/grasmere/restaurant/forest-side
HRiSHi,Bowness-on-Windermere,54.35013,-2.91172,https://guide.michelin.com/gb/en/cumbria/bowness-on-windermere/restaurant/hrishi
Rogan & Co,Cartmel,54.20074,-2.95464,https://guide.michelin.com/gb/en/cumbria/cartmel/restaurant/rogan-co
House of Tides,Newcastle upon Tyne,54.96758,-1.61127,https://guide.michelin.com/gb/en/tyne-and-wear/newcastle-upon-tyne/restaurant/house-of-tides
Sosban & The Old Butchers,Menai Bridge/Porthaethwy,53.225925,-4.163006,https://guide.michelin.com/gb/en/isle-of-anglesey/menai-bridge-porthaethwy/restaurant/sosban-the-old-butchers
Northcote,Langho,53.80933,-2.4476,https://guide.michelin.com/gb/en/lancashire/langho/restaurant/northcote
Yorke Arms,Pateley Bridge,54.13435,-1.8183095,https://guide.michelin.com/gb/en/north-yorkshire/pateley-bridge/restaurant/yorke-arms
Fraiche,Birkenhead,53.38183,-3.04307,https://guide.michelin.com/gb/en/merseyside/birkenhead/restaurant/fraiche
White Swan,Fence,53.83916,-2.25097,https://guide.michelin.com/gb/en/lancashire/fence/restaurant/white-swan
Tyddyn Llan,Llandrillo,52.92405,-3.44329,https://guide.michelin.com/gb/en/denbighshire/llandrillo/restaurant/tyddyn-llan
Ynyshir,Machynlleth,52.54476,-3.94491,https://guide.michelin.com/gb/en/ceredigion/machynlleth/restaurant/ynyshir
Black Swan,Oldstead,54.21205,-1.1879199,https://guide.michelin.com/gb/en/north-yorkshire/oldstead/restaurant/black-swan
Simon Radley at Chester Grosvenor,Chester,53.19064,-2.88913,https://guide.michelin.com/gb/en/cheshire-west-and-chester/chester/restaurant/simon-radley-at-chester-grosvenor
Star Inn at Harome,Harome,54.23101,-1.01023,https://guide.michelin.com/gb/en/north-yorkshire/harome/restaurant/star-inn-at-harome
The Man Behind The Curtain,Leeds,53.798286,-1.539937,https://guide.michelin.com/gb/en/kent/leeds/restaurant/the-man-behind-the-curtain
The Checkers,Montgomery/Trefaldwyn,52.55568,-3.13769,https://guide.michelin.com/gb/en/powys/montgomery-trefaldwyn/restaurant/the-checkers
Pipe and Glass,South Dalton,53.8955,-0.53301,https://guide.michelin.com/gb/en/east-riding-of-yorkshire/south-dalton/restaurant/pipe-and-glass
Fischer's at Baslow Hall,Baslow,53.25055,-1.6269798,https://guide.michelin.com/gb/en/derbyshire/baslow/restaurant/fischer-s-at-baslow-hall
Winteringham Fields,Winteringham,53.68778,-0.59013,https://guide.michelin.com/gb/en/north-lincolnshire/winteringham/restaurant/winteringham-fields
Thomas Carr @ The Olive Room,Ilfracombe,51.209476,-4.118807,https://guide.michelin.com/gb/en/devon/ilfracombe/restaurant/thomas-carr-the-olive-room
Walnut Tree,Llanddewi Skirrid,51.84534,-2.95438,https://guide.michelin.com/gb/en/monmouthshire/llanddewi-skirrid/restaurant/walnut-tree
Paul Ainsworth at No.6,Padstow,50.541534,-4.9398518,https://guide.michelin.com/gb/en/cornwall/padstow/restaurant/paul-ainsworth-at-no-6
Simpsons,Birmingham,52.46925,-1.9238801,https://guide.michelin.com/gb/en/west-midlands/birmingham/restaurant/simpsons
Purnell's,Birmingham,52.48268,-1.9018,https://guide.michelin.com/gb/en/west-midlands/birmingham/restaurant/purnell-s
Adam's,Birmingham,52.47964,-1.900286,https://guide.michelin.com/gb/en/west-midlands/birmingham/restaurant/adam-s
Outlaw's Fish Kitchen,Port Isaac,50.59206,-4.832,https://guide.michelin.com/gb/en/cornwall/port-isaac/restaurant/outlaw-s-fish-kitchen
Carters of Moseley,Birmingham,52.44588,-1.88384,https://guide.michelin.com/gb/en/west-midlands/birmingham/restaurant/carters-of-moseley
Peel's,Hampton in Arden,52.4259,-1.70536,https://guide.michelin.com/gb/en/west-midlands/hampton-in-arden/restaurant/peel-s
John's House,Mountsorrel,52.73295,-1.145851,https://guide.michelin.com/gb/en/leicestershire/mountsorrel/restaurant/john-s-house
The Whitebrook,Whitebrook,51.759697,-2.686909,https://guide.michelin.com/gb/en/monmouthshire/whitebrook/restaurant/the-whitebrook
James Sommerin,Penarth,51.434387,-3.167951,https://guide.michelin.com/gb/en/the-vale-of-glamorgan/penarth/restaurant/james-sommerin
Driftwood,Portscatho,50.1889,-4.97088,https://guide.michelin.com/gb/en/cornwall/portscatho/restaurant/driftwood
The Cross at Kenilworth,Kenilworth,52.350315,-1.5801147,https://guide.michelin.com/gb/en/warwickshire/kenilworth/restaurant/the-cross-at-kenilworth
Masons Arms,Knowstone,50.99547,-3.67163,https://guide.michelin.com/gb/en/devon/knowstone/restaurant/masons-arms
Salt,Stratford-upon-Avon,52.18963,-1.7092043,https://guide.michelin.com/gb/en/warwickshire/stratford-upon-avon/restaurant/salt522869
Le Champignon Sauvage,Cheltenham,51.89146,-2.07912,https://guide.michelin.com/gb/en/gloucestershire/cheltenham/restaurant/le-champignon-sauvage
Gidleigh Park,Chagford,50.67658,-3.87354,https://guide.michelin.com/gb/en/devon/chagford/restaurant/gidleigh-park
Hambleton Hall,Upper Hambleton,52.65737,-0.66812,https://guide.michelin.com/gb/en/rutland/upper-hambleton/restaurant/hambleton-hall
wilks,Bristol,51.46737,-2.6069899,https://guide.michelin.com/gb/en/south-gloucestershire/bristol/restaurant/wilks
Bulrush,Bristol,51.46278,-2.597758,https://guide.michelin.com/gb/en/south-gloucestershire/bristol/restaurant/bulrush
Casamia,Bristol,51.447254,-2.5940728,https://guide.michelin.com/gb/en/south-gloucestershire/bristol/restaurant/casamia
Paco Tapas,Bristol,51.44647,-2.59358,https://guide.michelin.com/gb/en/south-gloucestershire/bristol/restaurant/paco-tapas
Pony & Trap,Chew Magna,51.34938,-2.5925994,https://guide.michelin.com/gb/en/bath-and-north-east-somerset/chew-magna/restaurant/pony-trap
The Dining Room,Malmesbury,51.58376,-2.14954,https://guide.michelin.com/gb/en/wiltshire/malmesbury/restaurant/the-dining-room193454
Bybrook,Castle Combe,51.49382,-2.23212,https://guide.michelin.com/gb/en/wiltshire/castle-combe/restaurant/bybrook
Restaurant Hywel Jones by Lucknam Park,Colerne,51.45502,-2.25941,https://guide.michelin.com/gb/en/wiltshire/colerne/restaurant/restaurant-hywel-jones-by-lucknam-park
Olive Tree,Bath,51.38707,-2.3627,https://guide.michelin.com/gb/en/bath-and-north-east-somerset/bath/restaurant/olive-tree
Lympstone Manor,Lympstone,50.64069,-3.4186063,https://guide.michelin.com/gb/en/devon/lympstone/restaurant/lympstone-manor
The Neptune,Hunstanton,52.9511,0.50927,https://guide.michelin.com/gb/en/norfolk/hunstanton/restaurant/the-neptune
Elephant,Torquay,50.45853,-3.52438,https://guide.michelin.com/gb/en/torbay/torquay/restaurant/elephant
Oxford Kitchen,Oxford,51.776733,-1.264794,https://guide.michelin.com/gb/en/oxfordshire/oxford/restaurant/oxford-kitchen
Nut Tree,Murcott,51.83618,-1.1499,https://guide.michelin.com/gb/en/oxfordshire/murcott/restaurant/nut-tree
Morston Hall,Morston,52.95473,0.98729,https://guide.michelin.com/gb/en/norfolk/morston/restaurant/morston-hall
Red Lion Freehouse,East Chisenbury,51.2736,-1.8007996,https://guide.michelin.com/gb/en/wiltshire/east-chisenbury/restaurant/red-lion-freehouse
Blackbird,Newbury,51.420887,-1.3493549,https://guide.michelin.com/gb/en/west-berkshire/newbury/restaurant/blackbird552018
Woodspeen,Newbury,51.415802,-1.353532,https://guide.michelin.com/gb/en/west-berkshire/newbury/restaurant/woodspeen
The Coach,Marlow,51.571712,-0.7772678,https://guide.michelin.com/gb/en/buckinghamshire/marlow/restaurant/the-coach
Crown,Burchett's Green,51.524807,-0.7915291,https://guide.michelin.com/gb/en/windsor-and-maidenhead/burchett-s-green/restaurant/crown442549
L'Ortolan,Shinfield,51.40833,-0.9542898,https://guide.michelin.com/gb/en/wokingham/shinfield/restaurant/l-ortolan
Hinds Head,Bray,51.51265,-0.69641,https://guide.michelin.com/gb/en/buckinghamshire/bray/restaurant/hinds-head
Black Rat,Winchester,51.05796,-1.3069497,https://guide.michelin.com/gb/en/hampshire/winchester/restaurant/black-rat
Matt Worswick at The Latymer,Bagshot,51.35764,-0.7086128,https://guide.michelin.com/gb/en/surrey/bagshot/restaurant/matt-worswick-at-the-latymer
Coworth Park,Ascot,51.40463,-0.616715,https://guide.michelin.com/gb/en/windsor-and-maidenhead/ascot/restaurant/coworth-park
Tudor Room,Egham,51.41759,-0.545847,https://guide.michelin.com/gb/en/surrey/egham/restaurant/tudor-room
The Glasshouse,Kew,51.4771,-0.28574,https://guide.michelin.com/gb/en/greater-london/kew/restaurant/the-glasshouse
La Trompette,Chiswick,51.49222,-0.25619,https://guide.michelin.com/gb/en/greater-london/chiswick/restaurant/la-trompette
Tim Allen's Flitch of Bacon,Little Dunmow,51.86747,0.404134,https://guide.michelin.com/gb/en/essex/little-dunmow/restaurant/tim-allen-s-flitch-of-bacon
River Café,Hammersmith,51.48395,-0.22423,https://guide.michelin.com/gb/en/greater-london/hammersmith/restaurant/river-cafe
Kitchen W8,Kensington,51.49918,-0.19692,https://guide.michelin.com/gb/en/greater-london/kensington/restaurant/kitchen-w8
Trishna,Marylebone,51.51834,-0.153031,https://guide.michelin.com/gb/en/greater-london/marylebone/restaurant/trishna
Roganic,Marylebone,51.518314,-0.1520875,https://guide.michelin.com/gb/en/greater-london/marylebone/restaurant/roganic
Locanda Locatelli,Marylebone,51.51514,-0.15675,https://guide.michelin.com/gb/en/greater-london/marylebone/restaurant/locanda-locatelli
Texture,Marylebone,51.51488,-0.15664,https://guide.michelin.com/gb/en/greater-london/marylebone/restaurant/texture
Portland,Regent's Park,51.519726,-0.142555,https://guide.michelin.com/gb/en/greater-london/regent-s-park/restaurant/portland
Harwood Arms,Fulham,51.48291,-0.19651,https://guide.michelin.com/gb/en/greater-london/fulham/restaurant/harwood-arms
Pied à Terre,Bloomsbury,51.519,-0.13511,https://guide.michelin.com/gb/en/greater-london/bloomsbury/restaurant/pied-a-terre
The Ninth,Bloomsbury,51.51875,-0.1350068,https://guide.michelin.com/gb/en/greater-london/bloomsbury/restaurant/the-ninth
Kai,Mayfair,51.50871,-0.15162,https://guide.michelin.com/gb/en/greater-london/mayfair/restaurant/kai123638
Pollen Street Social,Mayfair,51.5133,-0.14234,https://guide.michelin.com/gb/en/greater-london/mayfair/restaurant/pollen-street-social
Hakkasan Mayfair,Mayfair,51.51037,-0.14475,https://guide.michelin.com/gb/en/greater-london/mayfair/restaurant/hakkasan-mayfair
The Square,Mayfair,51.51069,-0.14401,https://guide.michelin.com/gb/en/greater-london/mayfair/restaurant/the-square69391
Alyn Williams at The Westbury,Mayfair,51.51118,-0.14303,https://guide.michelin.com/gb/en/greater-london/mayfair/restaurant/alyn-williams-at-the-westbury
Benares,Mayfair,51.50973,-0.14494,https://guide.michelin.com/gb/en/greater-london/mayfair/restaurant/benares
Hakkasan Hanway Place,Bloomsbury,51.5171,-0.13144,https://guide.michelin.com/gb/en/greater-london/bloomsbury/restaurant/hakkasan-hanway-place
Social Eating House,Soho,51.51383,-0.13673,https://guide.michelin.com/gb/en/greater-london/soho/restaurant/social-eating-house
Galvin at Windows,Mayfair,51.50539,-0.15039,https://guide.michelin.com/gb/en/greater-london/mayfair/restaurant/galvin-at-windows
Murano,Mayfair,51.50707,-0.14722,https://guide.michelin.com/gb/en/greater-london/mayfair/restaurant/murano
Marcus,Belgravia,51.50171,-0.15614,https://guide.michelin.com/gb/en/greater-london/belgravia/restaurant/marcus
Sabor,Mayfair,51.511368,-0.1396773,https://guide.michelin.com/gb/en/greater-london/mayfair/restaurant/sabor
Clock House,Ripley,51.30044,-0.49287,https://guide.michelin.com/gb/en/surrey/ripley/restaurant/clock-house
Yauatcha Soho,Soho,51.51367,-0.1352,https://guide.michelin.com/gb/en/greater-london/soho/restaurant/yauatcha-soho
Céleste,Belgravia,51.502422,-0.1522617,https://guide.michelin.com/gb/en/greater-london/belgravia/restaurant/celeste
Gymkhana,Mayfair,51.50854,-0.14154,https://guide.michelin.com/gb/en/greater-london/mayfair/restaurant/gymkhana
Amaya,Belgravia,51.49912,-0.15731,https://guide.michelin.com/gb/en/greater-london/belgravia/restaurant/amaya
Pétrus,Belgravia,51.49951,-0.15662,https://guide.michelin.com/gb/en/greater-london/belgravia/restaurant/petrus284688
Veeraswamy,Mayfair,51.51008,-0.13809,https://guide.michelin.com/gb/en/greater-london/mayfair/restaurant/veeraswamy
Barrafina,Soho,51.51375,-0.1318,https://guide.michelin.com/gb/en/greater-london/soho/restaurant/barrafina
Hide,Mayfair,51.506077,-0.144289,https://guide.michelin.com/gb/en/greater-london/mayfair/restaurant/hide
Ritz Restaurant,Westminster,51.50728,-0.14141,https://guide.michelin.com/gb/en/greater-london/westminster/restaurant/ritz-restaurant
Elystan Street,Chelsea,51.49124,-0.16724,https://guide.michelin.com/gb/en/greater-london/chelsea/restaurant/elystan-street
Seven Park Place,Saint James's,51.50623,-0.13998,https://guide.michelin.com/gb/en/greater-london/saint-james-s/restaurant/seven-park-place
Ikoyi,Saint James's,51.509212,-0.1334389,https://guide.michelin.com/gb/en/greater-london/saint-james-s/restaurant/ikoyi
Aquavit,Saint James's,51.508713,-0.1334072,https://guide.michelin.com/gb/en/greater-london/saint-james-s/restaurant/aquavit501082
Five Fields,Chelsea,51.49168,-0.16124,https://guide.michelin.com/gb/en/greater-london/chelsea/restaurant/five-fields
Dining Room at The Goring,Victoria,51.49763,-0.14556,https://guide.michelin.com/gb/en/greater-london/victoria/restaurant/dining-room-at-the-goring
St John,Clerkenwell,51.52064,-0.10133,https://guide.michelin.com/gb/en/greater-london/clerkenwell/restaurant/st-john
Quilon,Victoria,51.49863,-0.13726,https://guide.michelin.com/gb/en/greater-london/victoria/restaurant/quilon
Club Gascon,London,51.51857,-0.10031,https://guide.michelin.com/gb/en/greater-london/london/restaurant/club-gascon
A. Wong,Victoria,51.49318,-0.14128,https://guide.michelin.com/gb/en/greater-london/victoria/restaurant/a-wong
The Clove Club,Shoreditch,51.52711,-0.07927,https://guide.michelin.com/gb/en/greater-london/shoreditch/restaurant/the-clove-club
Leroy,Shoreditch,51.524086,-0.0815337,https://guide.michelin.com/gb/en/greater-london/shoreditch/restaurant/leroy
Angler,Finsbury,51.51894,-0.08625,https://guide.michelin.com/gb/en/greater-london/finsbury/restaurant/angler392235
Brat,Shoreditch,51.52427,-0.0767681,https://guide.michelin.com/gb/en/greater-london/shoreditch/restaurant/brat
Lyle's,Shoreditch,51.52378,-0.07704,https://guide.michelin.com/gb/en/greater-london/shoreditch/restaurant/lyle-s
Galvin La Chapelle,Spitalfields,51.52032,-0.0781,https://guide.michelin.com/gb/en/greater-london/spitalfields/restaurant/galvin-la-chapelle
City Social,City of London,51.51521,-0.08431,https://guide.michelin.com/gb/en/greater-london/city-of-london/restaurant/city-social
La Dame de Pic,City of London,51.510372,-0.0788981,https://guide.michelin.com/gb/en/greater-london/city-of-london/restaurant/la-dame-de-pic
Story,Bermondsey,51.50268,-0.07774,https://guide.michelin.com/gb/en/greater-london/bermondsey/restaurant/story
Trinity,Clapham Common,51.46336,-0.14148,https://guide.michelin.com/gb/en/greater-london/clapham-common/restaurant/trinity
Chez Bruce,Wandsworth,51.44607,-0.16553,https://guide.michelin.com/gb/en/greater-london/wandsworth/restaurant/chez-bruce
Sorrel,Dorking,51.228825,-0.3346741,https://guide.michelin.com/gb/en/surrey/dorking/restaurant/sorrel545459
Restaurant Tristan,Horsham,51.062347,-0.326034,https://guide.michelin.com/gb/en/west-sussex/horsham/restaurant/restaurant-tristan
Gravetye Manor,Gravetye,51.08932,-0.05691,https://guide.michelin.com/gb/en/west-sussex/gravetye/restaurant/gravetye-manor
The Sportsman,Seasalter,51.34392,0.95885,https://guide.michelin.com/gb/en/kent/seasalter/restaurant/the-sportsman
West House,Biddenden,51.11521,0.64215,https://guide.michelin.com/gb/en/kent/biddenden/restaurant/west-house
Fordwich Arms,Fordwich,51.295284,1.1261871,https://guide.michelin.com/gb/en/kent/fordwich/restaurant/fordwich-arms
Samphire,Saint Helier/Saint-Hélier,49.18488,-2.1057,https://guide.michelin.com/gb/en/saint-helier/saint-helier-saint-helier/restaurant/samphire392987
Bohemia,Saint Helier/Saint-Hélier,49.181225,-2.102417,https://guide.michelin.com/gb/en/saint-helier/saint-helier-saint-helier/restaurant/bohemia
